Node ID,Pair ID,Coreness
6,106,1
2,106,1
5,106,0
1,106,1
15,106,1
4,106,1
3,106,1
13,106,1
16,106,0
10,106,1
7,106,1
21,106,1
20,106,1
8,106,0
17,106,1
23,106,1
25,106,1
26,106,1
28,106,1
29,106,1
31,106,0
32,106,0
34,106,0
35,0,1
36,106,1
37,106,1
44,106,0
39,106,1
45,106,1
19,106,1
46,106,0
47,106,0
51,113,1
52,106,0
53,106,0
54,106,0
41,106,1
55,106,0
57,106,1
61,106,0
65,0,0
56,106,0
66,106,0
69,106,1
70,106,1
71,106,0
72,106,0
74,106,0
75,106,0
68,106,0
64,106,1
76,106,1
77,106,1
78,106,1
60,106,1
79,0,0
80,106,1
81,106,1
62,106,1
83,106,0
104,106,1
86,106,0
87,106,0
89,106,0
94,106,0
95,2,0
96,106,0
97,1,1
99,106,0
88,106,1
101,106,1
100,106,0
103,106,0
105,106,0
106,106,1
107,106,1
108,106,1
109,106,1
110,106,0
111,106,1
112,106,1
115,106,0
114,106,1
119,106,0
122,106,0
127,106,1
129,106,1
116,106,0
131,106,0
132,106,1
133,113,0
113,106,1
125,106,0
135,106,1
134,106,1
137,106,0
138,106,0
140,106,0
141,106,1
139,106,0
142,106,1
143,106,1
144,106,1
145,106,0
146,113,0
147,106,0
148,106,1
93,106,1
149,106,0
150,106,1
152,106,1
153,106,0
154,106,0
155,106,1
156,106,0
157,106,0
158,106,0
160,106,0
161,106,1
162,106,0
163,106,1
165,106,0
166,106,1
167,106,1
168,106,0
169,113,1
170,106,0
171,106,1
172,106,0
173,106,1
174,106,0
175,106,0
176,106,0
177,106,0
178,106,1
179,106,1
180,106,1
181,106,0
159,106,1
182,106,0
183,106,1
184,106,1
185,106,1
186,106,0
187,106,0
33,113,1
188,113,0
189,106,0
190,106,0
191,106,0
192,106,0
193,106,0
194,106,0
195,106,0
196,106,0
198,106,1
199,106,0
200,106,0
201,106,1
202,106,1
203,106,1
204,106,1
205,106,0
206,106,0
207,106,0
209,106,1
210,106,0
120,106,0
211,106,0
212,106,0
213,106,0
214,106,0
215,106,1
216,106,1
217,106,1
218,106,0
219,106,1
220,106,1
223,106,0
224,106,0
225,106,1
227,106,0
228,106,1
230,106,1
231,106,1
232,106,0
233,106,1
208,106,0
234,106,1
235,106,1
222,106,1
236,106,0
237,106,0
238,106,1
239,106,1
240,106,1
241,106,0
242,106,1
244,106,1
164,106,1
245,106,0
246,106,0
247,106,0
248,106,1
250,106,1
251,106,1
249,106,1
243,106,0
252,106,0
253,2,1
255,106,0
256,106,1
257,106,1
258,106,1
259,106,0
260,106,1
261,106,0
262,106,1
263,3,1
264,106,0
265,106,0
266,106,1
267,0,0
268,106,1
229,106,0
221,106,1
269,106,1
271,106,0
272,106,0
273,106,1
274,106,0
275,106,0
276,106,0
270,106,1
277,106,0
279,106,0
278,106,1
280,113,1
281,113,0
282,106,1
283,106,0
284,106,1
285,106,0
286,106,0
287,106,0
288,106,0
290,106,0
291,106,1
292,106,0
293,106,0
294,106,0
295,106,1
296,106,1
297,106,1
298,106,1
299,106,0
301,106,0
302,106,0
303,106,0
304,106,1
254,106,0
305,106,0
306,106,0
307,106,1
308,106,0
309,106,1
310,106,0
311,106,0
312,106,1
314,106,0
313,106,0
315,106,0
316,106,1
317,106,0
318,106,0
319,106,1
320,106,0
322,106,1
323,106,0
324,106,0
325,106,1
326,106,0
321,106,1
327,106,1
328,106,0
329,106,0
334,106,0
338,106,0
345,106,1
346,106,1
289,106,0
347,106,1
349,106,0
340,106,1
336,106,0
350,106,0
352,106,0
353,106,1
354,106,0
355,106,0
356,106,0
357,106,0
359,106,1
339,106,0
360,106,1
366,106,0
367,106,0
368,106,0
358,106,0
370,106,1
371,0,0
372,106,0
363,106,1
375,106,0
377,106,0
374,106,0
378,106,0
379,106,0
380,106,1
382,106,0
383,106,1
384,106,0
385,106,1
386,106,1
348,106,0
387,106,0
388,106,0
389,106,0
390,106,1
391,106,0
392,106,0
330,106,1
351,106,0
393,106,1
342,106,1
395,106,1
396,106,1
397,106,0
399,106,1
400,106,0
401,106,1
402,106,1
403,106,0
404,106,1
405,106,1
406,106,0
407,106,0
408,106,1
409,106,0
410,106,1
411,106,0
412,106,1
414,106,0
415,106,1
418,106,1
300,106,0
421,106,0
423,106,1
333,106,0
341,106,0
427,106,1
428,106,1
429,106,0
332,106,1
394,106,1
430,106,0
432,106,1
433,106,1
434,106,0
435,106,0
436,106,1
437,106,1
438,6,0
439,106,0
441,106,0
442,106,0
443,106,1
440,4,1
444,4,0
445,106,0
446,106,1
365,106,0
448,106,1
449,106,0
431,106,0
450,106,0
451,113,0
452,106,1
453,5,1
454,106,0
455,106,0
456,106,0
457,106,1
416,106,1
458,0,0
459,106,1
460,106,1
464,6,1
465,106,1
466,106,1
467,106,0
468,106,1
463,106,1
469,106,0
462,106,1
470,106,0
471,106,0
472,106,1
473,106,0
369,106,0
425,106,1
417,106,1
475,106,0
476,106,1
197,106,0
477,106,0
478,106,1
424,106,0
479,106,1
376,106,0
373,106,0
420,106,0
480,106,1
398,106,0
481,106,1
482,106,0
483,106,0
484,106,1
485,106,0
486,113,0
487,106,0
488,106,0
489,106,1
490,106,0
492,106,1
493,106,1
494,106,1
447,106,0
495,106,1
496,106,0
497,106,0
499,106,1
500,106,1
501,106,0
502,106,1
491,106,1
503,106,0
504,106,0
505,106,0
506,106,0
498,106,0
507,106,1
331,106,0
508,106,1
509,7,1
510,7,0
511,106,0
512,7,1
513,7,0
514,106,1
515,106,0
516,106,0
517,106,0
422,106,0
518,106,1
337,106,0
519,106,0
520,106,1
381,106,0
521,106,0
362,106,0
522,106,1
523,106,1
524,106,0
364,106,0
413,106,0
525,106,1
361,106,1
526,106,0
527,113,0
529,106,1
530,106,1
531,106,0
532,106,1
533,106,1
534,106,1
535,106,1
536,106,0
537,106,1
538,106,0
539,106,1
540,106,1
541,106,0
419,106,1
542,106,0
335,106,0
543,106,0
544,106,0
545,106,1
546,106,1
547,106,1
548,106,0
549,10,0
426,106,0
550,106,1
552,6,0
553,106,1
554,106,1
555,21,0
556,106,0
557,106,0
558,106,0
559,106,0
560,20,0
561,106,1
562,106,1
563,106,0
564,8,1
565,106,1
566,106,0
551,106,0
567,106,0
569,106,0
570,9,1
571,14,0
572,10,1
573,14,1
575,106,0
474,106,0
577,106,0
578,106,0
528,0,0
580,106,0
581,106,0
582,106,1
583,106,1
584,106,0
585,106,0
586,106,0
587,106,0
589,106,1
590,113,0
592,106,1
579,106,1
343,106,0
594,106,0
595,106,0
596,106,1
597,106,1
588,106,1
598,106,1
599,106,0
600,106,0
601,106,0
602,106,0
603,106,0
604,8,0
591,106,1
605,106,0
606,106,1
607,106,0
608,106,0
609,106,0
610,106,1
611,106,0
612,106,0
613,106,0
614,15,0
615,106,0
617,106,0
618,106,0
619,106,1
620,106,0
621,106,0
622,106,0
623,106,1
616,106,0
593,106,0
624,113,0
625,113,1
626,106,0
628,106,1
629,106,0
630,106,1
631,106,0
627,11,1
632,106,0
633,106,1
634,106,1
635,106,0
636,106,1
637,106,1
638,106,0
639,106,0
344,106,0
642,106,0
643,106,0
644,106,1
647,106,1
648,106,0
649,106,0
650,106,1
651,106,1
652,106,0
653,106,0
654,106,0
655,106,1
656,106,0
658,106,1
660,12,1
661,106,0
662,106,1
663,13,1
664,106,1
574,9,0
659,106,1
665,13,0
666,106,0
667,106,1
668,106,0
670,106,0
671,106,0
672,106,1
674,106,0
675,106,0
676,106,1
677,26,1
678,106,1
679,11,0
680,106,1
681,106,1
682,106,0
669,9,0
684,106,1
685,26,0
686,106,0
687,106,1
688,106,0
689,106,0
690,113,0
691,106,1
692,106,1
693,106,0
694,6,0
695,22,1
696,22,0
683,9,0
646,9,0
698,106,1
697,106,0
699,106,1
700,106,1
701,106,0
702,106,0
703,106,1
641,14,1
705,106,1
706,106,1
708,106,1
707,15,1
704,106,0
709,106,0
710,106,1
711,106,1
712,106,0
714,106,1
717,106,0
718,106,0
719,106,0
720,106,0
721,106,0
722,106,1
723,106,0
724,106,0
725,106,1
726,106,0
727,16,1
640,113,0
728,16,0
730,106,0
729,106,1
715,14,0
731,106,1
732,106,1
733,106,1
734,106,0
735,106,0
736,106,0
737,106,0
738,106,1
673,106,1
716,106,1
739,106,1
740,8,0
741,106,1
742,106,1
743,106,0
744,106,0
745,106,0
746,106,0
747,106,0
748,106,0
749,106,0
750,106,0
751,106,0
576,106,1
752,106,0
753,106,0
754,106,0
755,106,1
756,106,1
757,106,1
758,106,0
759,106,0
761,9,0
763,106,0
657,9,0
764,106,0
765,106,0
766,106,0
767,106,1
768,106,1
769,106,0
770,106,1
772,106,0
773,106,0
774,106,0
775,106,1
776,106,0
777,106,0
760,106,1
778,106,0
779,106,1
780,106,0
781,106,1
782,106,0
783,106,0
784,106,1
785,106,0
786,106,1
787,106,1
788,106,0
789,106,0
790,106,1
791,106,0
792,106,0
793,106,0
794,106,0
795,106,0
796,106,0
797,106,0
798,106,1
799,106,0
800,106,0
801,106,1
802,106,1
803,106,0
804,106,1
805,106,0
806,106,0
808,106,0
762,106,0
809,106,0
810,106,0
811,106,0
812,106,1
813,106,0
814,106,1
815,106,1
816,9,0
817,17,1
818,106,0
819,18,1
820,106,1
821,106,0
823,106,1
9,106,0
824,106,1
826,106,1
827,106,0
828,106,0
829,19,1
830,106,1
831,106,0
833,106,1
834,106,0
835,106,0
836,0,0
837,106,1
838,106,1
839,20,1
840,106,1
832,106,1
841,106,0
842,106,0
843,106,0
844,34,1
845,106,1
846,106,1
847,106,1
848,106,0
849,106,1
850,21,1
851,106,0
852,106,0
853,106,1
854,106,0
855,106,0
856,106,0
857,106,1
858,106,1
859,106,0
860,106,0
861,106,1
862,106,1
863,106,0
864,106,0
771,106,0
865,106,0
866,106,0
867,106,0
868,106,0
869,106,0
870,106,1
871,106,1
872,106,0
873,0,0
874,106,1
875,106,1
876,106,0
877,106,0
878,106,0
879,106,1
880,106,1
883,22,1
882,106,1
884,106,0
886,106,0
887,106,0
888,106,0
890,106,0
891,106,0
892,106,0
893,1,0
822,106,0
894,106,1
895,106,0
896,106,1
897,106,0
898,106,1
899,106,0
900,106,1
901,106,0
902,106,0
903,106,1
904,106,0
906,106,0
907,106,1
908,106,1
910,106,1
911,106,1
912,106,1
913,106,0
909,106,0
914,106,0
915,106,0
916,106,0
917,106,1
918,106,0
919,106,0
920,106,0
921,106,1
922,106,0
924,106,1
925,106,1
926,106,1
927,106,1
928,106,0
929,106,1
930,106,0
931,106,1
933,106,0
934,106,0
936,106,0
937,106,1
885,106,1
938,106,0
923,106,1
939,106,0
940,2,1
942,106,0
943,106,1
944,106,0
946,106,0
947,106,0
889,106,0
941,106,0
948,47,0
949,106,1
950,106,1
951,106,1
952,106,0
954,106,0
932,106,1
955,106,1
956,106,0
957,106,0
959,106,0
960,106,0
961,106,0
963,106,0
964,106,0
966,106,0
967,106,1
968,19,0
935,106,0
965,106,0
969,106,0
825,106,0
970,106,0
971,106,0
972,106,1
973,24,1
974,106,0
975,106,0
976,0,0
977,106,0
953,106,1
978,106,1
979,106,0
980,106,0
981,24,0
982,24,1
983,24,0
984,106,0
985,106,0
986,106,0
987,106,0
988,106,1
989,106,0
990,106,0
991,26,1
993,14,1
994,106,0
995,34,0
905,106,0
996,106,0
997,106,0
999,106,1
1000,106,0
1001,106,1
1002,106,0
1003,106,0
1004,106,0
998,106,1
1006,106,0
1007,106,0
1008,106,0
1009,106,0
1010,106,0
1011,106,0
1012,106,1
1013,106,1
1015,106,0
1016,106,0
1017,106,0
807,106,0
1018,106,1
1019,106,1
1020,106,1
1021,106,0
1022,27,1
1023,106,0
1024,106,0
1025,106,1
1026,106,1
1027,106,0
1028,106,1
1029,106,0
1030,0,0
1031,15,0
1032,106,0
1033,106,0
1034,106,0
1035,106,1
1036,106,1
1037,106,0
1038,106,0
1039,106,0
1005,106,1
1040,106,1
1041,106,0
1042,106,1
962,106,0
1044,106,1
1045,27,1
1046,106,0
1047,106,0
1048,106,1
1049,106,0
1050,106,0
1051,106,1
1052,106,1
1053,106,1
1054,66,0
1055,106,1
1056,28,1
1057,106,0
1014,106,1
1043,106,1
1058,106,0
1059,106,1
1060,106,1
1061,106,0
1062,29,1
1063,106,0
958,106,0
1065,106,1
1066,106,0
992,106,0
1068,106,0
1069,106,1
1070,106,0
1071,29,0
1073,106,0
1074,106,0
1075,106,0
1076,106,1
1077,106,0
1078,30,1
1079,30,0
1080,30,0
1081,30,0
1082,30,0
1083,30,0
1084,27,0
1085,30,0
1086,30,0
1087,30,0
1088,30,0
1089,30,0
1072,106,0
1090,44,0
1091,106,0
1092,106,1
1093,106,0
1094,106,1
1095,106,0
1096,31,0
1097,31,1
1100,106,1
1098,106,1
881,106,0
1099,106,0
1101,106,0
1102,106,0
1103,106,0
1104,106,1
1105,106,1
1106,106,0
1107,106,0
1108,106,0
461,106,0
1109,106,0
1110,32,1
1111,17,0
1112,23,0
1113,106,0
1114,106,0
1116,106,0
1117,106,0
1118,106,0
1119,106,0
1120,106,0
1121,106,1
1122,106,1
1123,106,0
1124,106,0
1125,106,0
1126,106,0
1127,106,0
1128,106,0
1129,106,1
1130,106,0
1132,106,0
1133,106,0
1134,106,1
1136,0,0
1137,0,0
1138,106,0
1139,106,1
1140,106,1
1141,106,0
1142,106,0
1143,106,0
1144,106,1
1145,106,1
1146,9,0
1147,33,0
1135,106,1
1148,106,0
1149,33,1
1150,106,0
1151,106,0
1152,106,0
1067,11,0
1153,34,1
945,0,0
1154,106,0
1155,106,0
1156,106,0
1157,106,0
1158,106,0
1159,106,0
1160,106,1
1161,106,0
1162,106,1
1163,106,1
1164,1,0
1165,106,0
1166,106,1
1167,106,0
1168,106,1
1170,106,1
1171,28,0
1172,106,0
1173,106,0
1174,106,1
1175,106,0
1176,35,1
1177,106,0
1178,23,1
1179,106,0
1180,31,1
1181,106,0
1182,106,0
1169,9,0
1184,106,0
1185,106,1
1186,36,0
1187,36,1
1188,36,0
1189,106,0
1190,106,1
1191,106,0
1192,106,1
1193,106,0
1194,106,0
1195,106,0
1196,106,0
1197,106,1
1183,37,0
1199,37,1
1200,106,0
1201,106,1
1202,106,1
1204,106,1
1205,38,0
1206,38,1
1207,106,1
1208,106,0
1209,32,0
1210,106,1
1211,32,0
1212,106,1
1213,62,0
1214,106,0
1215,106,0
1216,106,0
1217,106,1
1218,3,1
1219,3,0
1220,106,0
1221,106,0
1222,106,1
1223,106,0
1224,106,0
1225,106,0
1226,106,0
1227,106,1
1228,106,0
1198,106,1
1229,106,0
1230,106,0
1231,106,1
1232,106,0
1233,106,1
1234,106,0
1235,106,0
1237,106,0
1238,106,1
1239,106,1
1240,106,1
1241,106,1
1242,106,0
1243,106,1
1244,106,1
1245,106,1
1246,106,0
1247,42,1
1248,106,0
1249,40,0
1250,106,1
1252,106,1
1251,42,0
1253,106,0
1236,39,1
1254,106,0
1255,40,1
1256,106,0
1257,106,1
1258,58,0
1259,106,0
1260,106,1
1261,106,0
1262,106,0
1263,106,0
1264,106,0
1265,106,0
1266,106,0
1269,106,1
1270,106,1
1271,106,1
1272,113,1
1273,113,0
1064,41,1
1274,41,0
1268,106,0
1275,106,1
1276,41,0
1277,106,1
1278,106,0
1279,106,1
1280,106,1
1281,106,1
1282,106,0
1283,106,0
1284,42,1
713,106,0
1285,106,0
1287,33,1
1131,106,0
1288,0,0
1289,106,0
1290,106,0
1291,106,1
1267,106,1
1292,106,0
1293,106,0
1294,0,0
1295,0,1
1296,106,0
1297,106,0
1298,106,0
1299,106,0
1300,106,0
1301,106,0
1302,106,0
1304,106,1
1305,0,0
1306,39,0
1307,106,1
1308,106,0
1309,106,0
1310,106,0
1311,106,0
1312,43,1
1286,106,0
1303,106,0
1313,106,1
1314,0,0
1315,106,1
1316,106,1
1317,106,1
1318,106,1
1319,106,0
1320,35,0
1321,106,0
1322,106,0
1323,106,0
1324,14,0
1325,106,1
1326,106,0
1328,106,0
1329,35,1
1327,35,0
1330,106,0
1331,106,0
1332,106,1
1333,106,0
1115,106,0
1335,106,0
1336,106,0
1337,0,0
1334,106,1
1338,106,0
1340,106,1
1341,44,1
1342,106,0
1343,106,0
1344,106,0
1345,106,1
1346,106,1
1347,106,0
1348,106,1
1349,45,0
1350,43,0
1351,106,0
1352,106,1
1353,106,1
1354,106,0
1355,45,1
1356,43,0
1357,106,1
1358,106,0
1359,106,1
1360,106,0
1361,0,0
1362,43,0
1363,106,1
1364,106,0
1365,43,0
1366,106,1
1367,106,0
1368,106,0
1369,106,0
1370,106,0
1371,43,0
1372,106,1
1373,106,0
1374,47,1
1377,106,1
1378,106,0
1379,106,1
1380,106,0
1381,106,1
1382,0,0
1383,106,1
1384,106,1
1385,106,0
1387,106,0
1388,106,0
1390,106,0
1391,106,0
1393,106,0
1392,106,0
1394,106,0
1395,106,1
1397,106,0
1399,106,0
1396,106,1
1389,106,0
1400,106,1
1401,106,1
1402,106,0
1403,113,1
1375,106,0
1404,106,0
1405,0,0
1406,106,1
1407,106,0
1408,106,1
1409,106,0
1410,29,0
1411,106,0
1412,106,1
1413,106,0
1414,0,0
1415,106,0
1376,106,1
1416,106,0
1417,106,0
1418,106,0
1419,106,0
1420,131,0
1421,106,0
1422,106,0
1423,106,0
1424,106,0
1425,106,0
1426,43,0
1427,29,0
1428,106,0
1429,106,0
1430,106,0
1431,106,0
1432,46,1
1433,46,0
1434,0,0
1435,47,1
1436,106,1
1439,106,1
1440,0,0
1441,2,1
1442,106,0
1438,106,0
1203,106,0
1444,106,0
1445,0,0
1443,106,0
1446,0,0
1447,106,0
1386,106,1
1448,106,0
1449,106,0
1450,0,0
1451,106,1
1452,0,0
1453,106,0
1454,106,0
1455,106,0
1456,106,0
1457,106,1
1458,106,0
1459,0,0
1460,0,0
1461,14,0
1462,106,0
1464,106,0
1465,106,1
1466,106,0
1467,106,1
1468,106,0
1470,106,0
1471,113,1
1472,106,1
1473,106,1
1474,0,0
1475,106,0
1476,106,0
1477,106,1
1463,106,0
1478,106,1
1479,106,0
1480,106,0
1481,106,0
1482,106,0
1483,0,0
1484,0,0
1486,106,0
1488,106,0
1489,106,1
1490,106,0
1491,113,0
1493,113,0
1494,106,0
1437,106,1
1492,106,0
1495,106,0
1496,106,0
1497,0,0
1498,0,0
1500,106,0
1487,106,1
1501,106,0
1502,106,1
1503,106,0
1505,0,0
1499,106,1
1506,0,0
1507,106,0
1508,106,1
1509,106,0
1510,106,0
1504,106,0
1511,48,1
1513,106,1
1514,106,0
1512,106,0
1469,106,0
1517,106,1
1518,106,0
1519,106,1
1520,106,1
1521,106,0
1522,106,0
1523,0,0
1524,106,0
1525,106,0
1526,106,1
1516,106,0
1527,106,0
1528,106,1
1529,106,1
1530,106,0
1531,113,0
1532,106,0
1533,0,0
1534,0,0
1535,113,0
1536,106,0
1537,106,0
1538,106,0
1539,106,0
1540,0,0
1541,106,1
1542,106,0
1543,106,1
1544,106,0
1545,12,0
1546,106,0
1547,0,0
1548,106,1
1549,106,0
1550,106,0
1551,106,0
1552,0,0
1553,106,0
1554,106,0
1555,106,1
1556,106,1
1557,106,1
1558,0,0
1559,14,0
1560,0,0
1561,0,0
1562,106,1
1564,106,0
1568,106,1
1569,106,0
1570,49,1
1571,106,0
1567,106,0
1572,50,0
1573,106,0
1575,106,0
1566,106,1
1577,49,0
1578,106,1
1579,106,1
1580,106,0
1574,106,0
1581,0,0
1582,106,0
1583,106,0
1584,106,1
1576,106,0
1585,106,1
1586,106,0
1587,106,0
1588,106,0
1589,106,0
1590,106,0
1593,106,0
1594,0,0
1596,106,0
1597,0,0
1598,106,0
1599,106,0
1600,50,1
1601,0,0
1595,106,0
1602,106,0
1603,106,0
1604,106,0
1606,106,0
1605,106,0
1608,106,0
1609,106,0
1610,106,1
1611,106,0
1613,0,0
1607,106,0
1614,106,0
1615,106,1
1616,106,0
1617,106,0
1515,0,0
1591,106,1
1618,106,0
1619,106,0
1620,106,0
1621,106,0
1622,106,0
1623,106,0
1624,106,1
1592,106,0
1625,0,0
1626,106,1
1627,0,0
1628,106,0
1629,106,1
1631,106,1
1632,106,0
1633,106,0
1634,106,0
1635,106,0
1636,106,1
1637,106,0
1639,106,1
1640,0,0
1641,106,1
1642,51,1
1643,106,1
1565,106,1
1644,106,0
1645,0,0
1646,106,0
1647,106,1
1648,113,1
1651,106,0
1653,106,1
1654,106,0
1655,106,1
1659,106,0
1660,106,0
1661,106,0
1612,106,1
1662,106,0
1663,106,0
1630,106,0
1664,106,0
1665,106,0
1666,106,0
1668,106,0
1669,106,0
1670,106,1
1671,106,0
1672,106,1
1657,106,1
1649,0,0
1673,106,0
1667,106,0
1674,106,0
1675,106,1
1676,106,0
1677,106,1
1678,0,0
1679,106,0
1658,106,0
1681,106,0
1682,106,0
1683,106,0
1684,106,0
1685,106,1
1686,106,1
1687,106,0
1688,106,1
1689,106,0
1690,106,0
1691,0,0
1692,106,0
1650,106,0
1693,106,1
1694,0,0
1696,106,0
1697,106,0
1698,106,0
1699,0,0
1700,106,0
1701,106,1
1702,106,0
1703,106,1
1704,106,0
1706,106,0
1707,106,0
1708,106,1
1709,0,0
1710,106,0
1705,106,0
1712,106,0
1713,106,1
1714,106,1
1715,106,1
1716,106,0
1718,106,0
1721,0,0
1717,106,0
1723,106,0
1724,0,0
1725,106,0
1726,106,0
1727,106,1
1728,106,1
1729,106,1
1732,0,0
1733,106,0
1734,0,0
1735,106,1
1736,106,0
1737,106,1
1738,106,1
1739,106,1
1740,106,0
1731,106,1
1741,0,0
1742,106,0
1720,106,0
1743,106,1
1711,106,0
1747,106,0
1748,106,0
1746,106,0
1749,106,0
1750,113,0
1751,106,1
1752,106,1
1754,106,0
1744,106,1
1756,106,1
1757,106,0
1758,106,0
1759,106,0
1695,106,0
1760,106,0
1745,106,0
1761,106,0
1762,106,0
1763,106,0
1755,103,0
1765,106,0
1766,106,1
1767,55,0
1768,106,0
1770,106,0
1771,106,1
1769,106,1
1772,106,0
1773,106,0
1775,106,1
1776,106,1
1777,106,1
1778,106,1
1730,106,0
1722,106,0
1780,106,0
1764,106,0
1779,106,1
1782,106,0
1784,106,0
1785,106,0
1786,0,0
1787,106,0
1789,106,0
1788,106,1
1790,106,1
1792,106,1
1791,106,0
1794,106,0
1796,0,0
1797,106,0
1798,106,0
1799,106,1
1800,106,0
1801,106,0
1802,106,1
1803,106,1
1795,0,0
1804,106,1
1680,106,1
1805,106,0
1806,106,0
1807,106,0
1808,106,0
1809,106,1
1753,106,1
1811,106,1
1812,0,0
1813,106,0
1814,106,0
1816,106,0
1817,106,1
1818,106,0
1819,106,1
1821,106,0
1822,106,0
1820,106,1
1774,106,0
1823,0,0
1824,106,0
1825,106,0
1826,106,1
1827,106,0
1828,106,0
1829,106,1
1830,106,0
1793,106,1
1831,106,0
1832,106,1
1833,106,1
1834,106,1
1835,106,0
1836,0,0
1837,106,1
1838,106,0
1810,106,1
1839,106,1
1840,106,1
1841,106,1
1842,106,0
1843,106,1
1844,106,0
1845,106,0
1846,106,1
1847,106,0
1719,106,1
1656,106,1
1848,106,1
1849,106,0
1850,113,1
1851,52,1
1852,106,0
1853,106,1
1854,106,0
1855,106,1
1856,106,0
1857,0,0
1858,106,0
1859,106,1
1860,106,1
1861,106,1
1862,106,0
1863,106,0
1864,106,0
1865,106,0
1867,106,1
1866,106,0
1868,106,0
1869,0,0
1870,106,0
1871,106,0
1873,106,1
1874,106,0
1875,106,1
1876,106,1
1872,106,0
1877,106,0
1878,106,1
1879,113,0
1880,106,1
1881,106,0
1882,106,0
1883,106,0
1884,0,0
1885,106,1
1886,106,0
1887,106,0
1888,106,1
1889,106,1
1891,106,0
1892,106,0
1894,106,0
1895,106,0
1896,106,1
1897,0,0
1898,0,0
1899,106,1
1900,106,1
1901,106,0
1902,106,0
1903,106,0
1904,106,0
1905,106,1
1906,53,1
1907,106,1
1908,53,0
1909,106,1
1910,106,0
1911,106,0
1913,106,0
1914,106,0
1915,106,0
1916,106,1
1917,106,0
1918,106,0
1919,113,1
1920,106,0
1921,106,1
1922,106,1
1923,106,0
1924,106,0
1925,106,0
1926,0,0
1927,106,0
1912,106,1
1928,0,0
1929,106,1
1931,5,0
1890,106,1
1930,113,0
1932,106,0
1933,106,1
1934,106,0
1935,106,0
1936,106,0
1937,106,1
1940,106,0
1941,106,0
1942,106,0
1893,106,1
1943,106,0
1944,106,0
1945,106,0
1946,106,0
1947,106,1
1949,106,0
1950,106,0
1951,106,1
1952,106,0
1953,106,1
1955,106,0
1956,106,1
1957,106,1
1958,0,0
1959,0,0
1960,0,0
1961,106,0
1962,106,0
1938,113,0
1963,106,0
1964,106,1
1965,106,0
1966,106,0
1967,106,1
1968,54,0
1969,54,1
1783,106,0
1970,0,0
1971,113,1
1972,106,0
1973,106,0
1974,106,0
1976,106,0
1977,106,0
1978,106,1
1979,106,0
1981,106,0
1982,106,0
1983,0,0
1984,106,0
1985,106,0
1980,106,0
1986,106,0
1987,106,0
1988,106,0
1989,106,1
1990,106,1
1991,106,1
1992,106,0
1993,106,0
1994,106,0
1995,106,0
3598,113,1
1997,106,1
1998,113,1
1999,106,0
2000,106,0
2001,106,0
2002,106,1
2004,106,0
2005,0,0
1815,106,1
2006,106,0
2007,106,0
2008,106,1
1948,106,1
2010,106,0
2011,106,0
2012,113,1
2013,106,1
2015,106,0
2009,106,0
2017,106,1
2018,106,0
2020,106,1
2014,106,1
2021,106,0
2022,106,0
2023,106,1
2016,106,1
2024,106,0
2025,0,0
2026,106,0
2027,106,0
2029,0,0
2031,106,1
2030,106,0
2032,106,0
2033,106,0
2034,106,1
2028,106,1
2035,106,0
2036,106,1
2037,106,0
2038,106,0
2039,0,0
2040,106,1
2041,106,0
2042,106,0
2044,106,0
2045,106,1
2046,106,1
2047,106,1
2049,106,1
2051,106,0
2052,106,0
2053,106,1
2055,106,0
2056,106,1
2057,106,0
2058,106,0
2059,106,0
1939,106,1
2060,106,0
2061,106,0
2062,106,0
2063,106,1
2064,106,1
2065,106,0
2066,106,0
2067,106,1
2068,106,0
2054,106,0
2069,106,1
2070,106,1
2071,106,0
2072,106,1
2073,106,0
2074,0,0
2043,106,0
2078,106,0
2079,113,1
2077,106,0
2080,106,1
2081,106,0
2082,106,0
2084,106,0
2085,106,0
2086,106,1
2087,106,0
2088,106,1
2090,106,1
2091,106,1
2089,106,1
2092,106,0
2093,106,1
2094,106,0
2095,106,1
2096,106,1
2097,106,0
2099,106,0
2100,106,0
1485,106,0
2101,106,0
2102,106,1
2103,106,0
2104,106,1
2105,106,0
2106,113,0
2107,106,0
2108,106,0
2076,106,0
2109,0,0
2111,106,0
2112,106,0
2113,106,1
2114,106,1
2115,106,0
2116,106,0
2117,0,0
2118,106,1
2119,106,0
2110,113,0
2120,106,1
2121,106,1
2122,106,0
2123,106,0
2124,106,1
2126,106,0
2127,106,0
2129,0,0
2125,55,1
2130,106,0
2132,106,0
2133,106,1
2134,106,1
2135,106,1
2136,113,0
2137,106,0
2138,106,0
2139,106,0
2140,106,1
2142,106,1
2143,106,0
2144,106,1
2128,106,0
2141,106,1
2145,106,1
2146,106,0
2147,106,1
2148,56,1
2131,113,1
2149,57,0
2150,106,0
2151,106,0
2152,51,0
2153,57,1
2155,106,1
2156,56,0
2157,56,1
2154,106,0
2158,106,0
2159,106,1
2160,106,0
2161,106,0
2162,106,0
2163,106,0
2164,106,1
2166,106,0
2167,113,1
2168,106,0
2169,106,0
2170,0,0
2171,56,0
2172,0,0
2173,106,1
2165,106,0
2174,106,1
2175,113,0
2177,0,0
2178,106,1
2179,106,0
2180,106,0
2181,106,0
2182,106,1
2176,106,0
2184,106,0
2185,106,1
2186,106,0
2187,106,1
2188,106,1
2189,106,0
2190,0,0
2191,0,0
2192,106,0
2194,106,1
2195,106,0
2196,106,0
2197,106,0
2199,106,0
2200,106,1
2201,106,0
2202,113,0
2203,55,0
2204,106,1
2205,106,1
2206,106,0
2207,106,0
2208,106,1
2209,106,0
2210,106,0
2211,106,0
2212,106,1
2213,106,0
2214,106,1
2215,0,0
2216,106,0
2217,106,0
2218,106,0
2219,106,0
2220,106,0
2221,106,0
2193,106,0
2222,106,0
2223,106,1
2224,106,1
2225,106,1
2226,106,1
2227,106,0
2228,106,0
2229,106,1
2230,106,0
2231,106,0
2233,106,0
2232,106,0
2234,106,0
2235,106,0
2236,106,0
2237,106,0
2239,106,0
2240,106,0
2241,106,0
2238,106,0
2243,106,1
2244,106,1
2245,106,0
2246,106,0
2247,0,0
2248,0,0
2250,106,0
2251,106,0
2253,106,0
2254,106,0
2255,106,0
2256,106,1
2257,106,0
2258,106,0
2259,106,0
2260,106,0
2252,106,0
2261,106,0
2083,106,0
2263,106,0
2264,0,0
2048,113,0
2265,106,0
2266,106,1
2098,106,0
2267,106,0
2268,106,0
2269,106,1
2270,106,0
2271,55,0
2272,106,0
2274,106,0
2277,106,1
2278,106,0
2279,106,0
2280,106,0
2281,106,1
2282,106,0
2283,106,1
2284,106,1
2286,106,0
2287,106,1
2198,106,1
2288,106,1
2289,106,1
2290,113,0
2292,106,1
2293,106,1
2295,106,0
2297,106,1
2298,106,0
2299,106,1
2300,58,1
2301,106,0
2302,0,0
2296,106,1
2275,106,0
2285,106,0
2304,106,1
2305,106,1
2306,106,1
2276,106,1
2307,106,1
2308,106,0
2303,106,1
2309,106,1
2310,106,1
2311,106,1
2312,106,0
2313,106,1
2314,0,0
2316,113,0
2317,106,1
2318,106,1
2319,106,0
2320,106,0
2321,106,0
2322,113,0
2323,106,0
2324,106,0
2325,106,0
2326,106,0
2327,106,0
2330,106,0
2331,106,0
2332,106,0
2333,106,1
2334,0,0
2335,106,0
2336,106,0
2337,106,1
2338,106,0
2339,106,0
2340,0,0
2341,106,1
2342,106,0
2343,106,0
2344,106,1
2345,106,0
2348,106,0
2349,106,0
2352,59,1
2262,106,0
2346,106,0
2353,106,0
2356,0,0
2357,106,0
2358,106,0
2360,106,0
2363,106,0
2364,106,1
2365,106,0
2366,106,0
2368,106,0
2328,106,1
2359,106,0
2369,106,0
2371,106,1
2372,106,0
2373,106,0
2374,106,0
2367,106,0
2375,106,1
2377,106,0
2242,106,0
2379,0,0
2378,106,1
2380,106,0
2381,106,0
2382,106,0
2383,60,1
2384,60,0
2249,106,1
2385,106,0
2386,106,0
2387,106,0
2389,106,1
2390,0,0
2370,106,1
2391,113,0
2392,106,1
2393,0,0
2394,106,0
2395,106,0
2362,106,0
2315,106,0
2397,106,1
2398,106,1
2399,106,0
2400,106,0
2401,106,0
2350,55,0
2404,113,1
2406,106,0
2407,106,0
2408,106,1
2411,106,0
2405,106,1
2412,106,1
2414,106,0
2417,106,0
2291,106,0
2419,106,1
2420,106,0
2421,106,0
2422,55,0
2351,106,1
2423,106,0
2424,106,0
2425,106,0
2416,106,1
2426,106,1
2427,106,1
2428,61,1
2429,106,1
2403,106,0
2430,113,0
2354,106,0
2432,0,0
2433,0,0
2434,106,0
2415,106,0
2435,106,1
2436,106,0
2437,106,1
2438,106,0
2410,106,1
2439,106,0
2440,106,0
2441,106,0
2443,106,1
2444,106,1
2445,106,0
2409,106,1
2446,0,0
2447,106,1
2449,106,0
2450,0,0
2451,106,0
2452,106,0
2453,0,0
2454,106,0
2455,106,1
2458,113,0
2459,55,0
2460,106,1
2461,113,0
2462,106,0
2448,61,0
2463,0,0
2456,106,0
2464,113,0
2418,106,0
2466,106,1
2468,106,0
2469,106,0
2470,106,0
2471,106,0
2473,106,0
2472,113,0
2474,106,0
2475,106,0
2476,106,0
2477,106,0
2478,106,0
2442,106,0
2479,106,0
2481,0,0
2482,0,0
2485,106,1
2486,106,1
2484,106,1
2487,113,0
2488,106,0
2483,0,0
2480,106,0
2489,106,0
2490,106,0
2491,106,1
2492,106,0
2493,106,0
2273,106,0
2495,96,0
2496,113,0
2494,106,0
2497,106,0
2499,106,1
2498,106,1
2500,106,1
2501,106,0
2502,106,1
2503,106,0
2504,106,0
2505,106,1
2506,0,0
2507,106,0
2508,106,0
2509,0,0
2510,106,1
2511,106,0
2512,106,0
2513,0,0
2514,106,0
2515,106,1
2516,106,1
2517,106,0
2518,106,0
2519,106,0
2520,106,0
2347,106,0
2522,106,0
2523,106,0
2521,106,1
2524,106,1
2525,106,0
2527,0,0
2528,0,0
1954,106,0
2529,106,1
2531,0,0
2532,106,1
2533,106,0
2534,106,0
2535,106,1
2536,106,0
2537,106,0
2355,106,0
2538,106,1
2539,106,0
2540,106,1
2541,106,0
2542,106,0
2543,106,0
2544,106,0
2545,106,0
2546,106,1
2547,0,0
2548,106,0
2549,106,1
2550,106,1
2551,0,0
2552,113,1
2553,55,0
2555,106,0
2556,106,0
2557,106,0
2558,106,1
2559,106,0
2561,106,0
2562,106,0
2563,106,0
2565,113,1
2566,106,1
2567,106,0
2568,106,1
2569,106,1
2570,106,0
2571,106,0
2572,106,0
2573,106,0
2574,106,1
2575,106,0
2576,106,0
2577,0,0
2578,106,0
2579,0,0
2564,106,0
2580,106,0
2581,106,1
2582,106,0
2584,106,0
2376,106,0
2585,106,1
2586,106,0
2587,0,0
2588,106,0
2589,106,0
2590,106,1
2591,106,0
2592,106,1
2594,106,0
2595,0,0
2596,0,0
2597,106,0
2598,106,0
2600,113,1
2601,106,0
2602,106,1
2603,106,1
2604,106,0
2605,106,1
2606,106,0
2530,0,0
2608,106,0
2610,106,0
2611,106,0
2612,106,0
2613,0,0
2614,62,1
2615,106,0
2616,0,0
2617,106,0
2619,106,0
2620,106,0
2621,106,1
2622,106,0
2623,106,1
2624,106,0
2625,113,1
2626,55,0
2627,106,0
2628,106,1
2629,106,0
2630,106,1
2631,106,1
2633,106,0
2632,106,1
2634,106,0
2635,106,1
2593,106,1
2636,106,1
2637,106,0
2638,106,0
2639,106,0
2640,106,0
2641,106,0
2388,106,1
2329,106,0
2642,113,1
2643,113,0
2644,106,1
2645,106,0
2646,106,0
2647,106,1
2648,106,0
2649,106,0
2651,106,0
2653,0,0
2655,63,1
2657,106,1
2658,106,1
2659,106,0
2660,106,0
2661,106,1
2662,63,0
2663,0,0
2396,113,1
2664,106,0
2665,106,0
2666,106,0
2667,55,0
2668,106,0
2669,106,0
2670,106,1
2671,106,0
2672,106,1
2673,106,0
2674,106,1
2675,106,1
2677,106,1
2676,106,0
2678,106,1
2681,106,0
2680,106,1
2682,106,1
2683,106,0
2684,106,1
2685,106,1
2686,106,0
2687,0,0
2607,106,0
2689,106,1
2690,106,0
1781,0,0
2693,106,0
2694,106,1
2695,106,0
2696,106,0
2697,106,0
2698,106,0
2699,106,0
2701,106,0
2702,106,1
2700,106,1
2703,106,0
2704,106,1
2705,106,0
2706,106,0
2707,106,0
2708,106,0
2709,106,0
2710,106,0
2711,106,1
2713,106,0
2715,0,0
2716,106,1
2712,106,1
2717,106,1
2718,106,0
2719,106,0
2720,106,1
2721,106,0
2722,106,0
2723,0,0
2726,106,0
2599,106,0
2727,106,0
2729,106,0
2728,106,1
2731,113,0
2714,106,0
2732,106,1
2734,106,0
2735,106,0
2736,106,1
2737,106,1
2738,106,1
2739,106,0
2740,106,0
2654,106,0
2741,106,0
2742,106,0
2743,106,0
2744,106,1
2745,64,1
2746,64,1
2747,106,0
2748,106,0
2749,64,0
2750,106,0
2752,106,0
2753,106,0
2725,106,1
2754,113,0
2755,106,1
2756,106,0
2757,106,0
2758,106,0
2760,106,0
2762,106,0
2763,106,1
2765,106,1
2766,106,1
2724,106,1
2768,106,0
2761,106,0
2769,0,0
2770,106,0
2771,106,1
2691,106,1
2751,106,0
2772,106,0
2773,0,0
2774,106,0
2776,106,0
2777,106,1
2779,72,0
2733,106,1
2780,106,1
2781,106,0
2782,106,1
2783,106,0
2775,106,1
2786,0,0
2787,106,1
2788,9,0
2789,113,1
2784,106,1
2790,106,0
2791,0,0
2778,106,1
2792,106,0
2793,106,0
2795,106,1
2679,106,0
2797,0,0
2798,106,0
2799,106,0
2800,106,0
2801,113,0
2802,106,0
2803,106,1
2618,106,0
2804,106,1
645,106,1
2805,113,0
2796,113,1
2609,106,0
2806,106,0
2807,113,0
2808,68,0
2809,106,0
2810,106,1
2811,106,0
2812,106,0
2813,65,0
2814,65,1
2815,106,0
2816,106,0
2817,106,1
2819,106,0
2820,0,0
2818,0,0
2823,106,1
2730,106,0
2824,106,0
2825,106,0
2827,106,0
2822,106,1
2828,106,0
2785,0,0
2829,106,1
2821,106,0
2832,106,0
2833,113,0
2830,106,0
2834,0,0
2836,66,1
2838,106,1
2839,113,0
2840,113,1
2843,106,0
2841,106,0
2844,55,0
2826,106,0
2846,106,0
2794,106,0
2831,106,0
2848,106,1
2849,106,0
2845,67,0
2850,67,1
2851,113,0
2852,70,0
2853,106,0
2835,106,1
2856,106,0
2855,106,0
2857,106,0
2858,106,0
2859,106,0
2860,113,0
2862,106,0
2854,106,0
2863,106,0
2864,67,1
2865,113,0
2866,106,1
2868,106,0
2869,68,1
2767,113,0
2870,142,0
2867,106,0
2871,106,0
2872,0,0
2873,68,1
2688,106,0
2861,106,1
2874,106,0
2875,106,0
2877,106,1
2878,113,0
2879,106,1
2880,106,1
2882,106,0
2881,106,0
2883,106,0
2884,106,0
2885,106,1
2886,106,0
2837,106,0
2876,113,0
2887,106,1
2888,69,1
2889,106,0
2891,106,1
2892,106,1
2893,106,1
2894,113,0
2895,106,0
2896,106,0
2898,106,0
2900,106,0
2901,106,0
2897,106,1
2904,106,1
2903,106,1
2905,70,0
2906,106,0
2908,55,0
2909,0,0
2910,106,1
2911,113,0
2912,106,0
2914,106,0
2915,106,0
2916,106,0
2917,106,0
2918,106,0
2920,106,0
2921,106,0
2923,106,0
2919,113,0
2922,113,1
2924,106,0
2925,106,0
2926,113,0
2927,0,0
2928,106,0
2930,106,0
2847,106,0
2932,106,0
2933,106,1
2935,106,0
2936,106,1
2937,106,1
2938,113,0
2939,69,0
2940,106,1
2941,106,0
2942,113,1
2943,106,1
2944,106,0
2945,106,1
2946,106,0
2947,0,0
2948,106,1
2656,52,0
2953,106,1
2931,106,0
2955,106,1
2956,106,0
2959,106,0
2961,106,1
2962,106,1
2963,106,0
2960,106,1
2964,106,1
2965,106,0
2968,113,0
2970,106,0
1975,106,0
2971,0,0
2972,0,0
2974,106,0
2899,0,0
2975,106,0
2976,0,0
2977,113,1
2978,106,1
2980,0,0
2934,106,1
2982,0,0
2929,106,0
2983,0,0
2984,55,0
2981,106,1
2985,0,0
2986,0,0
2973,106,0
2988,106,0
2989,0,0
2990,0,0
2991,106,0
2992,106,0
2993,106,0
2994,113,0
2952,113,0
2995,106,0
2997,106,0
2998,106,0
2999,106,0
3000,113,0
2987,106,1
3001,113,1
2996,106,0
3002,106,0
3005,106,0
3003,113,0
3008,0,0
3009,106,0
3010,106,0
3011,106,0
2950,113,0
3012,113,1
3013,113,1
3006,106,1
3015,106,0
3016,113,0
3017,106,0
3018,70,1
3019,106,1
3020,113,0
3021,0,0
2183,0,0
3022,106,0
3023,113,0
3025,106,0
3026,106,0
3027,106,1
3028,0,0
3029,106,0
3030,106,0
3031,106,0
3033,106,0
2402,106,1
3034,106,1
2969,106,0
3035,106,0
3036,106,1
3037,106,0
3038,106,0
3041,0,0
3040,113,1
3045,113,0
3046,113,1
3044,106,1
3048,113,0
3049,106,0
3050,106,0
3051,0,0
3052,106,0
3053,0,0
3054,106,1
3055,106,0
3058,106,0
3059,106,0
2949,106,0
3060,71,0
3063,106,1
3064,0,0
3065,71,1
3066,106,0
3067,0,0
3068,106,0
3070,106,0
3069,106,0
3073,106,0
3075,106,0
3076,106,0
3071,106,0
3077,70,0
3078,113,1
3080,113,0
3081,70,0
3082,70,0
3083,106,0
3084,106,0
2692,106,0
3056,113,0
3085,70,0
3086,106,1
3087,106,1
3088,106,0
3089,113,1
3090,106,0
2890,106,0
3092,113,0
3093,106,0
3094,106,0
3095,0,0
3097,106,1
3098,106,1
3099,106,1
3079,106,0
3102,0,0
3103,106,0
3104,113,0
3105,106,1
3106,106,0
3107,113,1
3108,106,0
3109,106,0
3110,0,0
3111,113,0
3112,113,0
3114,106,0
3115,70,0
3116,70,0
3117,0,0
3118,0,0
3119,106,1
3120,106,1
3122,113,0
3123,106,0
3124,0,0
3125,106,0
3127,106,0
3128,0,0
3129,72,1
3132,72,0
3047,113,1
3138,113,0
3139,106,0
3140,106,0
3141,113,0
3142,106,0
3145,106,0
3113,106,0
3146,106,0
3147,106,0
3148,106,0
3149,106,0
3150,113,0
3151,106,1
3144,106,0
3153,113,1
3154,106,0
3137,0,0
3155,73,1
3156,0,0
3136,106,0
3157,106,0
3158,106,0
3121,113,0
3159,106,0
3161,106,1
3163,0,0
3164,106,0
3165,106,1
3166,113,0
3162,106,0
3167,106,0
3169,106,0
3171,106,1
2759,106,0
3173,113,0
3174,106,1
3175,0,0
3176,0,0
3177,0,0
3178,0,0
3179,0,0
3180,70,0
3181,113,0
3172,113,1
3182,106,0
3183,58,1
3185,106,0
3184,113,0
3187,113,0
3188,106,1
3190,106,0
3191,72,0
3192,106,0
3024,113,0
3193,106,1
3194,113,1
3195,106,0
3196,106,1
3197,106,1
3198,106,0
3199,74,1
3200,0,0
3201,74,0
3202,113,0
3203,113,0
3204,106,0
2526,0,0
3205,106,0
3206,106,0
3208,106,1
3209,106,0
3210,106,1
3211,99,0
3212,0,0
3213,0,0
3214,106,1
3215,106,0
3061,106,0
3216,106,0
3217,106,0
3218,70,0
3219,106,1
3220,106,0
3221,106,1
3222,113,0
3223,113,1
3224,106,0
3226,106,1
3227,0,0
3228,0,0
3229,113,1
3230,106,1
3043,76,0
3231,113,1
3232,106,0
3233,106,1
3234,106,0
3235,106,0
3237,106,0
3238,113,0
3239,106,1
3240,106,0
3241,113,0
3225,106,0
3242,113,0
3243,106,0
3244,106,0
3032,106,0
3062,106,0
3245,106,0
3246,113,0
3248,70,0
3249,70,0
3207,106,0
3250,106,0
3251,106,0
3252,113,1
3253,106,0
3254,106,1
3255,106,0
3258,106,0
3259,106,1
3260,113,1
3261,113,0
3262,106,0
3263,106,0
3264,106,0
3265,106,0
2465,113,1
3266,0,0
3267,106,1
3269,106,0
3268,113,0
3270,113,0
3271,106,0
3274,0,0
3275,114,0
2958,113,1
3273,106,1
3276,113,0
3042,106,0
3277,113,0
3279,106,0
2913,70,0
3135,72,0
3072,106,0
3280,70,0
3281,106,0
3282,106,0
3283,113,1
3284,0,0
3285,0,0
3236,106,1
3286,70,0
3287,106,0
3289,106,0
3290,106,0
3291,113,0
3292,106,0
3294,106,0
3295,106,1
3296,106,1
3293,106,0
3297,113,0
3298,106,1
3299,113,1
3301,106,0
3091,106,0
3303,106,0
3304,0,0
3305,0,0
3306,113,0
3307,106,0
3308,106,0
3309,106,1
3312,113,0
3313,78,0
3310,113,0
3314,106,0
3257,106,0
3315,106,0
3316,106,0
3317,113,1
3318,106,0
3319,106,1
3320,106,1
3321,113,0
3322,106,0
3323,106,0
3324,0,0
3325,0,0
3327,113,1
3326,106,1
3329,113,0
3331,106,0
3332,106,0
3333,106,1
3334,0,0
3335,106,0
3336,113,0
3337,106,0
3338,106,0
3340,106,0
3341,106,0
3342,106,0
3343,106,0
3344,106,0
3345,113,1
3346,106,1
3347,106,1
3348,113,0
3349,106,0
3351,106,0
3352,75,1
3353,76,1
3354,55,0
3355,106,0
3357,113,1
3358,106,0
3359,106,1
3360,106,0
3361,77,1
3362,0,0
3363,106,0
3364,0,0
3365,55,0
3366,106,1
3368,113,0
3369,82,1
3371,77,0
3372,77,0
3373,106,0
3374,106,0
3375,106,0
3377,106,1
3378,106,1
2966,106,1
3379,106,1
3380,113,0
3382,0,0
3370,113,0
3383,75,0
3381,106,1
3384,113,0
3328,78,1
3376,106,0
3386,106,0
3387,113,0
3388,106,0
3390,106,0
3391,106,0
3393,0,0
3394,106,0
3395,113,0
3288,106,0
3396,106,0
3397,106,0
3367,106,1
3398,106,0
3385,106,1
3399,81,1
3400,106,0
3401,106,0
3403,106,1
3404,113,1
3405,113,0
3406,106,0
3407,0,0
3408,106,1
3409,106,0
3410,106,1
3411,106,0
3412,0,0
3414,113,1
3413,106,0
2902,106,0
3416,106,0
3417,106,1
3418,106,0
3419,113,0
3420,106,0
3421,113,1
3422,73,0
3423,106,0
3424,0,0
3426,0,0
3428,106,1
3430,106,0
3431,106,0
3432,106,0
3434,106,0
3435,0,0
3436,106,0
3437,106,1
3438,55,0
3170,0,0
3439,106,1
2652,106,0
3440,106,0
3433,113,0
3442,106,1
3441,113,0
3443,113,0
3444,106,0
3445,106,1
3446,0,0
3447,0,0
3448,0,0
3449,106,1
3392,113,0
3450,106,1
3311,106,0
3451,113,1
3452,113,1
3453,106,0
3455,113,0
3456,106,0
3457,0,0
3458,0,0
3459,106,1
3460,106,0
3462,81,0
3463,113,1
3465,113,1
3467,106,0
3468,70,0
3469,55,0
3470,106,1
3464,113,0
3471,106,0
3473,106,0
3474,113,0
3472,106,0
3475,113,0
3476,106,1
3247,113,0
3477,106,0
3478,113,0
3480,0,0
3481,106,0
3482,106,0
3483,79,0
3484,79,1
3485,106,0
3300,106,0
3143,113,0
3486,106,0
3487,113,0
3489,106,0
3490,107,1
3491,106,0
3492,106,0
3493,106,1
3494,0,0
3495,70,0
3454,113,0
3497,106,0
3498,80,1
3499,113,0
3500,113,1
3501,113,0
3502,106,0
3503,113,0
3466,106,1
3429,113,1
3504,106,0
3505,106,0
3506,113,1
3272,106,0
3507,0,0
3302,113,0
3427,113,1
3508,55,0
3509,113,0
3510,113,1
3511,113,0
3512,113,1
3514,0,0
3515,113,0
2050,113,1
3517,113,0
3518,106,0
3520,106,1
3521,106,0
3522,113,0
3523,113,0
3524,84,1
3525,70,0
3415,113,0
3513,113,0
3528,113,0
3529,107,0
3526,113,0
3532,0,0
3533,113,0
3536,0,0
3537,106,0
3538,113,0
3527,113,1
3539,113,1
3540,82,0
3542,113,0
3543,106,0
3541,106,1
3546,106,0
3545,113,1
3547,113,0
3548,113,1
3549,106,1
3496,106,0
3100,106,0
3550,106,0
3551,72,0
3553,80,0
3552,80,1
3554,80,0
3555,80,0
3556,80,1
3557,80,0
3558,80,0
3559,106,0
3560,106,0
3561,98,0
3562,80,1
3563,80,0
3564,80,0
3565,80,1
3566,80,0
3567,80,0
3568,55,0
3569,80,0
3570,80,0
3571,106,1
3516,106,0
3572,106,1
3126,113,0
3573,113,0
3574,106,0
3575,81,1
3576,113,0
3577,0,0
3578,113,1
3579,106,0
3581,113,0
3583,113,1
3584,113,0
3585,113,0
3586,113,1
2019,106,0
3587,0,0
3544,106,0
3588,0,0
3589,106,0
3580,113,0
3590,113,0
3591,113,1
3593,106,1
3594,0,0
3596,55,0
3597,106,1
3592,113,0
3599,106,0
3600,113,1
3601,106,0
3534,113,0
3602,106,0
3603,113,0
3604,113,0
3605,113,0
3606,0,0
3607,106,1
3608,113,0
3609,113,1
3610,113,0
3611,113,0
3612,113,0
3613,113,0
3614,0,0
3615,0,0
3616,0,0
3617,0,0
3618,0,0
3619,106,0
3620,106,0
3621,113,0
3622,106,1
3624,106,0
3625,113,0
3623,55,0
3626,106,0
3627,82,1
3628,113,0
3631,0,0
3632,72,0
3633,0,0
3634,0,0
3635,0,0
3629,113,1
3636,106,0
3637,55,0
3639,70,0
3519,73,1
3642,113,1
3643,106,0
3644,106,0
3645,113,0
3582,113,0
3646,113,0
3647,113,0
3641,113,1
3648,113,0
3650,113,0
3652,106,0
3653,106,1
3654,106,0
3655,113,0
3657,106,0
3658,106,0
3659,106,0
3531,113,0
3661,113,0
3535,113,0
3662,113,0
3663,0,0
3664,113,0
3665,106,0
3640,106,1
3666,84,0
3667,113,1
3668,113,0
3669,113,1
3671,106,0
3672,106,1
3673,106,0
3674,106,0
3675,113,0
3676,106,0
3670,113,0
3189,76,0
3677,0,0
3678,113,0
3679,113,0
3680,106,0
3681,113,0
3682,113,0
3630,113,1
3683,55,0
3684,113,0
3685,113,0
3686,113,0
3687,113,0
3688,113,0
3690,0,0
3691,0,0
3692,0,0
3693,0,0
3694,106,0
3695,113,0
3696,113,0
3656,106,1
2907,106,0
3697,113,1
3698,106,1
3700,106,0
3595,113,0
3701,106,0
3702,113,0
3074,106,0
3699,113,1
3704,113,0
3705,113,0
3706,106,0
3707,106,1
3708,106,0
3709,106,0
3710,106,0
3712,70,0
3713,106,0
3715,113,1
3716,106,1
3717,0,0
3718,83,1
3719,113,1
3649,113,1
3720,0,0
3689,106,0
3721,84,1
3722,106,1
3723,113,0
3724,113,1
3725,113,1
2431,113,0
3726,106,0
3727,106,0
3703,106,0
3714,106,1
3728,106,0
3729,72,0
3730,106,0
3731,85,0
3732,85,1
3733,106,0
3734,106,1
3735,113,1
3736,106,1
3737,106,0
3389,113,0
3738,113,1
3739,86,1
3740,0,0
3741,0,0
3742,0,0
3744,106,1
3160,113,1
3745,113,0
3660,113,1
3747,113,0
3749,106,0
3750,106,0
3751,70,0
3752,113,0
3753,86,0
3754,0,0
3755,113,0
3756,106,1
3757,106,0
3758,84,1
3759,106,1
3760,106,1
3761,87,1
3762,88,0
3763,88,1
3764,113,1
3765,106,1
3767,113,1
3766,106,1
3768,106,0
3769,113,0
3770,113,0
3771,55,0
3773,0,0
3774,0,0
3775,113,0
3776,106,1
3777,106,0
3778,113,0
3779,106,0
3781,113,1
3782,113,0
3783,113,1
3784,106,0
3786,106,1
3787,106,1
3788,106,1
3789,106,1
3790,106,1
3792,106,1
3793,106,1
3791,106,1
3794,106,1
3795,106,1
3785,106,0
3796,106,0
3798,113,1
3799,113,0
3800,113,0
3801,106,0
3802,113,0
3803,113,1
3804,113,1
3805,0,0
3807,106,1
3780,113,0
3808,0,0
3810,113,0
3811,0,0
3797,106,1
3812,106,0
3813,113,0
3814,113,0
3815,113,0
3806,0,0
3817,72,0
3818,0,0
3819,0,0
3822,113,0
3823,113,0
3825,113,0
3826,89,1
3828,113,1
3829,153,0
3830,113,1
3832,113,0
3835,0,0
3836,0,0
3838,113,0
3839,0,0
3840,106,0
3841,113,0
3842,113,0
3820,113,1
3843,113,0
3844,113,0
3824,113,1
3845,106,0
3846,113,1
3847,113,1
3848,113,0
3849,106,0
3746,113,1
3850,113,0
3851,113,1
3852,106,0
3853,113,1
3854,113,0
3816,113,0
3855,106,0
3856,113,0
3857,106,0
3858,113,0
3859,106,0
3860,0,0
3861,106,0
3863,106,0
3864,113,1
3865,106,0
3748,72,0
3867,113,0
3868,113,0
3869,90,1
3834,106,0
3870,106,1
3871,91,0
3872,91,1
2954,106,0
3873,113,0
3874,106,0
3875,113,0
3876,106,0
3877,106,0
3878,113,1
3879,90,0
3880,113,1
3881,113,0
3882,113,0
3883,113,0
3885,87,0
3886,113,0
3887,113,0
3888,113,0
3889,106,0
3890,0,0
3168,113,0
3891,113,0
3892,113,1
3893,113,1
3895,106,0
3896,106,1
3897,113,1
3898,106,1
3821,92,0
3899,92,1
3900,106,0
3901,113,1
3902,113,0
3903,113,1
3904,113,1
3905,113,1
3906,0,0
3907,0,0
3908,0,0
3910,113,1
3911,93,0
3912,93,1
3913,113,0
3894,113,0
3914,94,1
3916,113,1
3917,113,0
3918,48,0
3919,113,1
3920,0,0
3922,113,1
3923,113,1
3924,113,0
3925,113,1
3927,95,1
3928,113,1
3929,106,0
3134,72,0
3931,72,0
3932,72,0
3256,72,0
3938,72,0
3940,72,0
3944,72,0
3945,72,0
3950,72,0
3951,72,0
3953,72,0
3955,72,0
3958,72,0
3959,72,0
3966,106,0
3967,72,0
3968,72,0
3970,72,0
3862,0,0
3972,113,0
3866,113,0
3973,113,0
3974,96,1
3884,113,1
3975,106,1
3976,113,1
3977,106,0
3978,113,0
3979,0,0
3980,113,1
3981,113,0
3982,113,1
3983,113,0
3984,113,0
3985,113,0
3986,113,1
3987,113,0
3989,113,0
3990,113,0
3991,0,0
3952,72,0
3993,106,0
3995,113,0
3996,113,0
3997,113,0
3998,113,0
3999,113,0
4000,59,0
4001,113,1
4002,25,1
3479,0,0
4003,113,0
4004,113,0
4005,113,0
4006,113,0
4008,113,0
4007,113,1
4010,106,0
4011,113,1
4012,113,0
3994,106,0
4013,113,0
4014,48,1
4015,113,1
4016,97,1
4017,113,1
4018,106,0
3988,113,1
4019,87,1
3651,70,0
4020,106,0
4022,113,0
4023,70,0
4024,100,0
4025,113,1
4026,113,1
4027,113,1
4028,113,0
4029,113,0
4033,113,0
4034,113,0
4032,113,0
4035,97,0
4030,113,1
4036,113,1
4037,113,1
4038,113,1
4039,113,0
4040,106,0
3915,113,1
4031,113,0
4041,113,0
4042,76,0
4043,97,1
4044,100,1
4045,113,1
4046,113,0
4047,113,0
4048,113,0
4049,0,0
4050,113,0
4051,113,0
4052,113,0
4053,113,1
4054,113,0
4055,113,1
4056,113,0
4057,113,0
4058,113,1
4059,113,0
4060,113,1
4061,106,0
4062,113,0
4063,0,0
4064,0,0
4066,0,0
4065,0,0
4067,72,0
3936,72,0
3942,72,0
3943,72,0
4069,72,0
4070,72,0
3131,72,0
4071,72,0
4072,72,0
3130,72,0
4074,101,0
4076,98,1
4077,106,0
3831,113,1
4078,113,0
4079,0,0
4080,99,1
4081,113,0
4082,113,0
4083,113,0
4084,113,0
3909,106,0
4085,113,1
4086,106,0
3827,98,0
4087,98,0
4075,113,1
4089,113,0
4090,106,0
4091,100,1
3101,113,0
4092,113,0
4093,0,0
4094,113,0
4095,106,0
4096,106,0
3488,113,1
4097,113,0
4099,106,0
4100,113,1
4101,113,1
4102,0,0
4104,101,1
3948,101,1
4105,113,0
3971,113,1
4106,113,0
4108,113,0
4109,18,0
4110,113,0
3096,106,0
4111,59,0
4112,70,0
4113,113,0
4114,113,0
4115,113,1
4116,113,0
4117,0,0
4118,113,0
4119,113,1
3935,102,1
4120,102,0
4121,113,0
4122,113,0
4123,106,0
4124,113,0
4125,113,0
4126,106,1
4127,0,0
4128,113,1
4129,89,0
4130,89,0
4131,113,1
4132,113,0
4133,106,0
4134,95,0
4135,113,0
4088,113,1
4136,113,0
4137,113,0
4138,106,0
4140,55,0
4139,113,0
4142,113,0
4143,94,0
4144,106,0
4141,106,0
4107,113,1
4145,70,0
4146,106,0
4147,106,0
4148,113,0
4149,113,1
4150,106,0
4151,118,0
4152,113,0
4153,106,0
4154,113,0
4155,113,0
4156,113,1
4157,106,1
4158,106,0
4159,113,0
4160,113,0
4161,76,0
4162,113,0
3711,106,0
4163,106,1
4164,113,1
4165,113,0
4168,113,0
4169,113,1
4170,106,0
4171,113,0
4173,113,0
4174,113,1
4175,118,0
4177,106,0
4178,113,0
4179,113,1
4180,106,0
4181,113,1
4182,113,1
4183,113,0
4184,113,0
4103,113,0
4185,113,1
4186,113,0
4187,106,0
4188,113,0
4172,113,1
4098,113,1
4191,106,0
4192,106,1
4190,106,0
4195,89,0
4196,113,0
4198,113,1
4199,113,0
4200,113,0
4201,76,0
4166,113,0
4202,113,0
4203,106,0
4204,113,1
4205,106,1
4206,113,0
4208,106,0
4197,113,1
4209,113,1
4210,113,1
4211,113,0
4212,113,0
4213,113,0
4215,103,1
4216,0,0
4217,113,0
4218,113,0
4219,113,0
4220,113,0
3926,113,0
4221,0,0
3921,106,0
4224,106,0
4226,113,0
4227,113,0
4214,113,1
4228,113,0
4229,104,0
4230,104,1
3743,113,0
4231,113,1
4232,106,1
4233,113,0
4225,113,1
4234,113,0
4235,113,1
4167,113,0
4236,113,1
4237,113,1
4238,106,1
4239,113,0
4240,113,0
4241,113,0
4242,106,0
4243,106,0
4244,113,0
4245,113,1
4246,106,0
4250,113,1
4251,113,1
4253,106,0
4249,113,0
4255,113,0
4256,113,0
4257,113,0
4259,113,1
4261,113,0
4262,113,0
4263,113,0
4264,0,0
4265,113,0
4266,113,0
4267,113,1
4268,113,0
4269,113,0
4176,55,0
4270,113,0
4271,113,0
4274,113,1
4275,106,0
4189,113,0
4258,113,0
4276,113,0
4252,113,0
4277,113,1
4278,113,0
4279,113,1
4280,113,0
4282,106,0
4283,113,1
4281,113,1
4284,113,1
4285,113,1
4286,106,1
4287,113,0
4288,113,1
4289,72,0
4291,113,1
4292,106,0
4293,113,0
4294,0,0
4295,113,1
4296,113,1
4297,106,1
4298,106,0
4299,70,0
4247,106,0
4300,106,0
4301,105,1
4302,113,0
4303,113,0
4304,113,1
4290,113,0
4305,113,0
4306,113,0
4307,113,0
4309,113,0
4310,106,0
4311,106,0
4222,106,1
4312,113,0
4313,106,1
4314,106,0
4254,113,1
4315,106,1
4316,113,0
4317,72,0
4318,113,0
4319,70,0
4320,113,1
4321,113,1
4323,106,0
4273,113,0
4324,106,0
4325,113,1
3330,106,1
4326,106,0
4327,106,0
4328,113,0
4329,106,0
4330,113,0
4331,113,0
4333,113,0
4334,113,1
4335,106,0
4337,113,1
4339,113,0
4342,113,0
4207,113,0
4343,0,0
4344,113,0
4345,113,0
4346,106,0
4347,113,0
4348,106,1
4349,0,0
4336,113,0
4350,113,1
4351,113,0
4352,106,0
4353,113,1
4354,107,0
4355,72,0
4356,106,0
4360,113,1
4361,113,0
4362,113,0
4364,0,0
4365,113,1
4366,106,0
4363,113,1
4367,106,0
4368,106,0
4369,106,0
4371,106,0
4372,113,1
4370,113,1
4373,0,0
4248,106,0
4374,113,0
4375,113,0
4376,113,0
4377,113,0
4378,113,0
4379,113,0
4381,113,1
4382,113,0
4359,72,0
4383,113,1
4384,113,1
4385,106,1
4386,106,0
4387,106,0
4388,113,1
4389,113,0
4390,106,0
4391,113,0
4380,113,0
4392,113,1
4393,107,1
4394,113,0
4395,108,1
4396,108,0
4397,113,1
4398,113,1
4399,102,0
4401,113,0
4403,106,0
4404,113,0
4405,113,1
4406,106,1
4402,113,1
4408,106,0
4410,113,0
4407,106,0
4411,113,0
4412,113,0
4413,106,0
4414,113,0
4415,113,0
4322,72,1
4416,113,0
4417,113,0
4418,113,0
4419,113,0
4420,113,0
4421,113,1
4422,113,0
4423,113,0
4424,113,0
4425,113,0
4409,113,1
4426,106,0
4427,106,0
4428,106,0
4429,106,0
4431,113,1
4432,113,0
4433,113,1
4435,0,0
4436,0,0
4437,106,0
4438,113,0
4439,113,0
3837,113,1
4400,113,1
4440,113,0
4441,113,0
4442,113,0
4443,113,0
4444,113,0
4445,113,0
4446,0,0
4430,113,0
4447,113,0
4448,113,0
4434,113,0
4449,113,0
4450,113,1
4451,106,0
4452,113,0
4453,113,0
4454,113,1
4455,113,0
4456,106,0
4457,0,0
4460,106,0
4308,106,1
4462,113,0
4463,76,0
4459,113,1
4464,102,0
4465,102,0
4466,105,0
4468,102,0
4469,102,0
4470,102,0
4471,102,0
4472,102,0
4473,102,0
4474,129,1
4475,102,0
4476,102,0
4477,102,0
4478,113,0
4479,106,0
4481,113,0
4480,109,0
4482,109,1
4467,110,0
4483,113,0
4484,113,0
4485,113,0
4486,113,0
4487,113,1
4488,106,0
4489,113,0
4490,113,1
4491,113,0
4492,106,0
4493,113,0
4494,113,0
4497,113,0
4495,113,1
4496,113,0
4498,0,0
4499,113,1
4501,113,0
4502,113,0
4503,106,0
4504,110,1
4505,113,0
4506,113,0
4507,105,0
4508,113,0
4458,106,1
4509,106,0
4511,113,1
4512,113,0
4513,113,1
4514,113,1
4515,113,1
4517,113,0
4519,106,0
4520,113,0
4523,113,1
4524,113,0
4525,113,1
4526,113,0
4527,113,0
4528,113,0
4521,113,0
4530,113,1
4531,106,1
4532,113,1
4533,113,0
4522,113,1
4534,55,0
4535,113,0
4537,112,0
4539,113,0
4529,105,0
4540,105,0
4541,105,0
4542,0,0
4543,113,1
4544,113,0
4545,113,0
4546,113,0
4547,113,0
4548,113,1
4549,113,0
4550,113,0
4551,113,1
4552,113,0
4553,113,1
4555,0,0
4556,113,0
4557,113,0
4560,113,0
4563,113,0
4564,113,1
4559,113,1
4565,113,0
4538,113,0
4567,113,1
4568,113,0
4518,113,1
4569,113,0
4570,113,1
4571,113,0
4572,113,0
4554,113,1
4574,113,0
4576,113,0
4577,106,0
4578,55,0
4579,113,1
4580,113,0
4581,113,1
4536,113,1
4582,113,1
4583,113,0
4584,113,0
4585,113,0
4586,113,0
4588,113,0
4589,113,0
4590,106,0
4591,106,1
4592,113,1
4587,113,0
4593,113,1
4594,113,0
4595,113,0
4596,113,0
4597,113,1
4598,113,0
4599,113,0
4600,113,0
4601,113,0
4602,113,1
4603,113,1
4566,113,0
4606,113,0
4607,55,0
4608,113,1
4609,113,1
4604,113,1
4605,113,1
4612,0,0
4613,106,0
4614,113,0
4616,113,0
4617,113,0
4558,113,0
4619,106,1
4620,112,1
4621,113,0
4618,106,1
4622,113,0
4623,113,0
4611,113,1
4624,113,0
4625,113,1
4626,113,0
4627,113,0
4628,113,0
4629,113,0
4630,113,0
4631,113,0
4632,113,0
4633,113,0
4634,106,0
4635,113,1
4636,113,0
4637,106,0
4562,113,0
4639,106,0
4640,0,0
4641,0,0
4642,113,0
4643,113,0
4461,113,0
4644,0,0
4645,113,0
4646,115,1
4647,113,1
4638,113,0
4649,113,1
4650,113,0
4651,113,0
4652,113,0
4653,113,0
4654,106,1
4655,106,0
4656,106,0
4657,113,0
4658,114,1
4659,113,1
4660,115,0
4661,106,1
4662,115,0
4663,115,1
4664,115,1
4665,113,0
4666,106,1
4667,106,1
4668,106,1
4670,113,0
4669,106,0
4671,0,0
4672,106,1
4673,106,1
4674,113,0
4675,106,1
4676,106,1
4677,106,0
4678,106,1
4680,106,1
4679,106,1
4681,106,1
4682,106,1
4683,106,1
4684,106,0
4685,113,0
4686,106,1
4687,113,1
4688,106,1
4690,113,0
4691,106,1
4692,113,0
4693,113,0
4694,113,1
4695,113,0
4696,113,1
4697,113,1
4698,113,0
4699,113,0
4700,106,0
4701,106,0
4702,113,0
4703,113,0
4704,106,0
4705,113,0
4706,113,0
4707,106,1
3425,0,0
4708,113,0
4709,113,1
4728,72,0
4729,106,1
4730,113,1
4731,113,1
4732,113,0
4610,113,0
4689,106,0
4516,0,0
4733,106,1
4734,113,0
4735,106,0
4736,113,0
4737,106,0
4738,106,0
4739,106,0
4741,116,0
4742,116,1
4743,106,1
4744,106,1
4573,106,1
4746,113,1
4740,113,0
4745,106,0
4747,106,0
4748,106,1
4749,113,1
4750,113,0
4751,106,0
4752,113,0
4753,113,0
4754,113,0
4755,113,0
4756,117,1
4757,106,0
4758,106,0
4759,113,0
4760,113,0
4761,113,1
4762,113,0
4763,113,0
4764,113,1
4765,113,0
4766,55,0
3957,113,0
4768,106,0
2413,0,0
4648,113,0
4769,113,1
4770,113,0
4771,113,0
4772,0,0
4767,0,0
4773,113,0
4774,113,1
4775,117,0
4776,113,0
3278,113,0
4778,72,0
4779,118,1
4357,72,0
3969,72,0
4358,72,0
4710,72,0
4780,106,0
3965,72,0
3964,72,0
3963,72,0
3133,72,0
4338,72,0
3962,72,0
4711,72,0
4712,72,0
3961,72,0
4713,72,0
4714,119,1
4715,72,0
3960,119,0
4341,72,0
4716,72,0
3956,72,0
3954,72,0
4781,72,0
4340,72,0
4717,72,0
4782,72,0
4718,72,0
4719,106,0
3949,72,0
4783,72,0
3947,72,0
4784,72,0
3946,72,0
4720,72,0
4785,72,0
4073,72,0
4721,72,0
4786,72,0
4722,72,0
4723,113,0
3941,72,0
4068,72,0
3939,72,0
3937,72,0
4724,72,0
3934,72,0
3933,72,0
4725,72,0
4726,72,0
4727,72,0
3930,72,0
4787,113,1
4788,113,0
4789,106,0
4790,0,0
4791,113,1
4792,118,0
4793,106,0
4777,117,0
4794,113,0
4795,106,1
4796,113,0
4797,113,0
4798,105,0
4799,0,0
4800,113,0
4801,113,0
4803,113,0
4804,113,0
4805,113,0
4806,113,0
4807,113,0
4809,118,0
4810,129,1
4802,113,0
4812,113,1
4813,113,0
4814,113,1
4816,106,0
4818,113,0
4819,113,0
4820,0,0
4821,0,0
4823,106,0
4824,106,1
4825,113,0
4826,0,0
4828,113,1
4829,113,1
4830,113,1
4831,113,0
4832,120,0
4833,113,1
4834,113,0
4835,106,1
4836,113,0
4837,0,0
4838,113,0
4839,113,1
4840,113,1
4842,113,0
4843,106,0
4844,113,0
4845,113,0
4846,113,1
4847,120,1
4848,113,0
4849,120,1
4851,113,0
4852,106,1
4853,106,0
4854,0,0
4855,105,0
4850,113,0
4856,113,0
4841,113,0
4857,106,0
4858,106,0
4859,121,0
4861,113,0
4862,113,1
4863,113,1
4615,113,0
4864,0,0
4865,0,0
4866,113,0
4868,106,0
4869,121,1
4870,113,1
4871,113,0
4872,113,0
4873,113,0
4867,113,1
4875,113,1
4876,113,0
4877,0,0
4878,0,0
4822,0,0
4874,113,0
4879,113,0
4880,113,0
4881,113,0
4882,113,0
4883,113,0
4884,113,1
4885,113,1
4815,55,0
4886,113,0
4887,122,1
4890,113,0
4891,106,0
4892,118,0
4893,113,1
4894,113,0
4895,0,0
4896,113,0
4897,113,1
4898,113,1
4899,113,1
4900,113,0
4901,113,0
4888,122,0
2003,106,0
4902,106,0
4903,113,1
4904,76,0
4905,106,1
4906,106,0
4907,113,1
4908,113,0
4909,55,0
4910,55,0
4911,55,0
4912,55,0
4913,55,0
4914,55,0
4915,109,0
4916,113,1
4917,113,0
4918,113,0
4919,113,0
4920,118,0
4921,106,1
4922,113,1
4923,106,0
4924,109,0
4925,113,1
4926,113,0
4927,123,1
4928,113,0
4929,123,0
4930,123,0
4931,123,0
4932,113,0
4933,127,0
4934,105,0
4935,105,0
4936,105,0
4937,113,1
4938,111,1
4939,106,0
4940,113,1
4941,113,0
4943,113,0
4944,113,0
4945,113,1
4946,106,0
4947,118,0
4948,118,0
4949,129,1
4950,118,0
4951,118,0
4952,155,0
4953,118,0
4954,118,0
4808,118,0
4955,118,0
4956,111,0
4958,111,1
4889,0,0
4957,160,0
4959,118,0
4961,113,0
4962,113,1
4963,106,0
4964,106,0
4965,124,0
4966,124,1
4967,126,0
4968,124,1
4969,106,0
4970,113,1
4972,0,0
4973,0,0
4960,106,0
4974,113,1
4975,106,0
4976,118,0
4978,113,0
4971,113,1
4979,106,0
4980,125,0
4981,125,1
4977,126,1
4982,125,1
4983,113,0
4984,106,0
4985,106,1
4986,106,0
4987,106,1
4988,55,1
4989,113,0
4990,113,1
4942,113,1
4991,113,0
4992,113,0
4993,129,0
4994,113,0
4995,128,0
4996,113,1
4997,127,1
4998,55,0
4999,129,1
5000,106,1
5001,106,0
5002,118,0
5003,128,1
5004,128,1
5005,106,0
5006,106,0
5007,113,1
5008,106,0
5009,106,1
5010,113,0
5011,106,0
5012,113,0
5014,106,0
5013,113,1
5015,55,0
5016,55,0
5017,113,0
5018,0,0
5019,0,0
5021,113,1
5022,106,0
5023,111,0
5024,0,0
5025,113,0
3772,113,1
5026,129,1
5027,113,1
5028,113,0
5029,113,1
5030,106,0
5031,113,0
5032,113,0
5033,113,1
5034,113,1
5035,113,0
5037,113,1
5039,113,0
5040,106,0
5036,113,0
5041,113,0
5042,113,0
5020,0,0
5043,0,0
5044,113,0
5045,25,0
5046,113,1
5047,113,0
5048,106,0
5049,113,0
5050,106,0
5052,113,1
5053,106,0
5054,113,0
5055,113,0
5056,113,0
5051,113,0
5057,106,0
5058,129,1
5059,113,0
5060,113,1
5061,113,0
5062,106,0
5063,106,0
5064,113,1
5066,130,1
5067,130,1
5068,130,1
5069,130,1
5070,130,1
5071,130,1
5072,130,0
5073,113,0
5074,113,0
5075,113,1
5076,113,0
5077,55,0
5078,131,1
5079,113,1
5080,113,1
5081,83,0
5082,55,0
5084,129,1
5085,113,0
5086,113,1
5087,113,1
5038,113,0
5088,113,1
5089,113,0
5090,0,0
5091,0,0
5092,106,0
5093,106,0
5094,113,0
5095,0,0
5096,113,0
5097,113,0
5098,113,0
5099,106,0
4860,106,1
5100,106,0
5101,113,0
5104,106,1
5105,113,0
5106,55,0
5108,55,0
5109,55,0
5110,55,0
5111,55,0
5112,55,0
5113,55,0
5083,55,0
5115,113,0
5117,113,0
5118,106,1
5119,113,0
5120,113,0
5121,113,1
5122,113,0
5123,113,0
5124,113,0
5125,132,1
5126,132,0
5127,132,0
5128,113,0
5130,113,0
5131,0,0
5103,113,0
5132,113,0
5133,106,0
5129,113,0
5134,0,0
5135,0,0
5136,0,0
5137,0,0
5138,113,0
5139,113,0
5140,0,0
5141,113,1
5142,113,0
5143,113,0
5144,113,0
5145,113,0
5146,113,1
5147,55,0
5148,55,0
5149,55,0
5150,55,0
5152,113,0
5153,55,0
5154,55,0
5155,113,1
5156,0,0
5157,106,1
5158,106,0
5159,55,0
5160,55,0
5161,55,0
5162,113,0
5163,106,1
5164,55,0
5165,113,0
5166,55,0
5167,55,0
5168,55,0
5170,55,0
5171,55,0
5172,55,0
5173,55,0
5174,55,0
5169,55,0
5116,55,0
5114,55,0
5107,55,0
5175,113,0
5176,55,0
5177,55,0
5178,113,0
5179,106,0
5180,113,0
5181,55,0
5182,55,0
5183,113,0
5184,106,0
5185,55,0
5186,113,0
5187,106,0
5188,106,1
5189,113,0
5190,55,0
5191,55,0
5192,113,1
5194,113,0
5195,106,1
5196,55,0
5193,113,1
5197,113,0
5198,113,1
5199,113,1
5200,113,0
5201,113,1
5202,113,1
5203,113,0
5204,113,0
5205,55,0
5206,113,0
5207,55,0
5208,113,0
5209,55,0
5210,55,0
5211,0,0
5212,113,0
5213,106,1
5214,106,0
5215,106,0
5216,106,1
5217,113,0
5218,113,0
5219,113,0
5220,0,0
5222,55,0
5223,55,0
5224,113,0
5225,55,0
5226,113,0
5228,113,1
5230,55,0
5231,113,0
5232,55,0
5233,55,0
5234,113,0
5235,133,0
5236,0,0
5237,133,1
5238,133,1
5239,133,0
5240,133,1
5227,113,1
5241,113,0
5242,113,1
5243,55,0
5244,113,0
5245,113,1
5229,0,0
5247,0,0
5248,0,0
5246,113,0
5249,113,1
5250,113,1
5251,113,1
5252,106,0
5254,113,0
5255,113,1
5256,0,0
5221,106,0
5257,113,0
5258,106,0
5260,106,0
5261,106,0
5262,55,0
5263,106,0
5264,106,0
5151,113,0
5265,0,0
5267,113,0
5268,113,0
5269,106,1
5270,55,0
5271,25,0
5272,106,0
5273,55,0
5274,0,0
5275,0,0
5276,55,0
5277,55,0
5278,106,0
5279,113,0
5280,113,0
5281,55,0
5282,106,0
5283,113,0
5284,106,0
5285,55,0
5286,113,1
5288,55,0
5289,55,0
5290,113,0
5291,55,0
5287,106,0
5292,106,0
5293,113,0
5294,113,0
5295,55,0
5296,113,0
5297,113,0
5298,113,0
5299,113,0
5300,113,0
5301,55,0
5302,113,0
5303,55,0
5304,113,0
5305,55,0
5259,113,0
5307,113,0
5308,113,0
5306,113,0
5310,113,1
5312,134,1
5313,55,0
5314,55,0
5315,106,0
5317,106,1
5318,106,0
5319,55,0
5320,55,0
5321,106,1
5322,113,0
5323,55,0
5324,55,0
5325,55,0
5326,55,0
5327,55,0
5328,55,0
5329,55,0
5330,55,0
5331,55,0
5332,55,0
5333,55,0
5334,55,0
5335,55,0
5336,113,0
5337,55,0
5338,55,0
5309,113,1
5340,55,0
5341,55,0
5342,55,0
5343,55,0
5344,55,0
5345,134,0
5339,73,1
5346,55,0
5348,106,0
5349,55,0
5350,55,0
5351,0,0
5352,113,0
5353,113,0
5354,55,0
5355,106,0
5065,106,1
5356,106,0
5357,55,0
5316,113,0
5358,113,0
5359,135,1
5360,135,0
5361,55,0
5363,113,1
5364,134,0
5365,113,0
5366,106,1
5367,138,0
5368,113,0
5369,55,0
5370,134,0
5371,134,0
5373,55,0
5374,55,0
5375,55,0
5376,55,0
5377,55,0
5378,55,0
5379,55,0
5380,55,0
5381,55,0
5382,55,0
5372,113,0
5383,113,1
5384,113,1
5385,55,0
5388,55,0
5386,55,0
5387,55,0
5389,55,0
5390,135,0
5391,55,0
5392,55,0
5393,106,0
5394,55,0
5395,55,0
5347,113,0
5397,113,0
5398,113,1
5396,113,0
5399,106,0
5362,113,0
5400,55,0
5401,55,0
5402,55,0
5404,113,0
5405,55,0
5406,55,0
5407,55,0
5403,113,0
5408,106,1
5409,113,0
5410,113,0
5411,113,1
5412,0,0
5414,136,1
5415,136,0
5416,136,1
5417,137,1
5419,113,0
5420,136,1
5421,138,1
5422,113,1
5423,106,0
5424,106,0
5426,113,0
5427,106,1
5428,139,0
5429,139,1
5430,55,0
5431,55,0
5432,113,0
5418,106,0
5433,0,0
5435,113,1
5253,113,0
5436,55,0
5437,113,1
5425,113,0
5438,113,1
5439,106,0
5440,106,1
5441,113,0
5442,113,1
5443,113,1
5434,113,0
5444,113,0
5445,113,0
5446,113,0
5447,113,0
5448,134,1
5449,113,0
5451,106,0
5452,113,1
5453,62,0
5454,106,0
5455,106,0
5456,137,0
5457,113,0
5458,157,1
5459,113,0
5460,113,0
5461,106,0
5463,113,0
5462,113,0
5413,113,1
5464,113,0
5465,113,0
5466,113,1
5467,55,0
5468,0,0
5469,113,0
5470,113,0
5471,113,0
5472,113,1
5311,113,0
5473,106,0
5474,0,0
5475,140,1
5476,113,1
5477,113,0
5478,113,0
5479,141,1
5480,113,0
5481,113,0
5450,106,1
5482,106,1
5483,141,0
5484,141,0
5485,106,0
5486,113,0
5487,106,0
5488,106,1
5489,113,0
5490,113,1
5491,113,0
5492,144,0
5494,113,0
5495,113,1
4811,106,0
5496,106,1
5497,113,0
5498,106,0
5499,106,0
5500,106,0
5501,113,1
5502,0,0
5503,0,0
5504,113,0
5505,113,0
5506,106,1
5508,106,1
5510,113,0
5511,106,0
5512,106,0
5513,106,0
5515,106,0
5516,106,0
5517,113,0
5518,113,0
5519,113,1
5522,142,1
5521,113,0
5523,113,0
5525,106,1
5526,106,1
5527,106,1
5528,106,0
5514,113,0
5530,106,0
5531,113,0
5532,113,1
5533,113,1
5534,106,1
5536,113,0
5537,0,0
5538,0,0
5539,143,1
5540,106,0
5541,113,1
5542,106,1
5544,113,1
5543,113,0
5546,106,0
5529,113,1
5547,113,0
5548,113,0
5549,113,1
5550,113,1
5551,106,1
5552,55,0
5553,113,0
5554,113,1
5555,113,0
5556,113,1
5557,106,0
5558,113,1
5559,106,0
5560,113,0
5561,106,0
5563,106,0
5564,113,1
5566,0,0
5567,0,0
5568,144,1
5524,113,0
5569,106,0
5570,113,1
5573,113,0
5574,142,0
5575,106,0
5576,106,0
5577,106,0
5579,0,0
5580,113,0
5581,0,0
5582,113,0
5583,113,1
5585,140,0
5586,140,0
5587,140,0
5588,140,0
5589,140,0
5590,113,0
5591,113,1
5592,0,0
5593,106,1
5594,106,0
5596,113,1
5597,113,0
5598,113,0
5599,113,0
5507,156,0
5595,113,0
5601,106,0
5600,0,0
5603,113,0
5604,106,1
5607,106,0
5609,113,1
5610,113,1
5571,106,0
5611,106,0
5608,113,1
5612,113,1
5614,113,0
5615,113,0
5616,113,0
5617,106,0
5618,145,0
5619,145,1
5622,113,0
5623,106,1
5624,106,1
5625,113,1
5626,113,0
5627,113,0
5606,106,1
5602,106,1
5631,146,1
5630,113,0
5633,113,0
5634,106,0
5635,113,1
5632,113,0
5636,147,1
5613,106,0
5638,147,0
5639,113,0
5640,147,0
5641,147,0
5643,106,0
5644,106,0
5645,106,0
5646,113,1
5648,152,0
5649,113,1
5650,157,0
5647,148,0
5652,0,0
5653,0,0
5654,106,1
5655,113,1
5656,113,0
5657,113,0
5658,148,1
5659,145,0
5660,113,0
5661,106,1
5662,106,0
5663,146,0
5664,106,0
5665,149,1
5666,149,0
5667,113,1
5668,146,0
5669,146,0
5670,113,0
5672,113,0
5673,113,0
5674,113,0
5675,106,0
5676,106,1
5565,113,0
5678,113,0
5679,113,0
5680,113,0
5682,113,0
5683,143,0
5685,113,0
5686,106,1
5687,113,0
5642,113,0
5688,106,1
5689,113,0
5691,113,0
5692,113,0
5694,113,0
5695,106,0
5677,150,0
5578,150,1
5698,106,0
5700,113,0
5703,0,0
5704,113,0
5699,113,0
5706,106,0
5705,106,0
5684,106,0
5545,106,0
5707,113,0
5708,106,1
5709,55,0
5710,106,1
5711,0,0
5712,113,1
5713,106,0
5714,113,0
5715,113,0
5701,106,0
5717,0,0
5718,106,1
5719,113,0
5720,113,0
5721,106,0
5722,106,0
5723,113,0
5724,113,0
5725,113,0
5726,113,1
5729,113,1
5730,113,0
5731,113,0
5732,113,0
5733,113,0
5520,106,0
5736,113,0
5737,113,0
5738,113,0
5739,150,0
5740,113,0
5741,106,0
5742,113,0
5744,113,0
5743,113,0
5702,0,0
5745,106,0
5746,113,0
5747,106,0
5748,113,0
5749,106,0
5750,113,0
5752,113,1
5753,113,0
5755,0,0
5756,0,0
5754,106,0
5757,106,0
5759,113,0
5760,151,1
5761,113,1
5762,106,1
5763,151,1
5764,151,0
5765,113,1
5767,113,0
5768,113,0
5693,113,1
5770,106,0
5772,106,0
5773,113,0
5774,152,1
5681,152,1
5775,113,0
5776,113,0
5777,113,0
5778,113,0
5766,113,0
5779,106,0
5780,106,0
5781,113,1
5782,106,0
5783,113,0
5784,113,1
5785,143,0
5786,55,0
5788,151,0
5789,113,0
5790,106,0
5791,113,0
5792,0,0
5795,106,0
5796,113,0
5797,113,0
5798,113,0
5799,106,0
5800,113,0
5801,113,1
5793,0,0
5802,113,0
5803,113,0
5804,113,0
5805,106,1
5806,106,0
5807,157,0
5808,113,0
5809,113,0
5769,106,0
5810,113,0
5813,113,0
5815,0,0
5816,0,0
5814,106,1
5818,106,0
5819,106,0
5629,106,0
5820,113,0
5811,106,0
5822,106,1
5823,106,0
5821,106,0
5824,106,0
5825,113,0
5826,153,1
5827,113,0
5828,113,1
5829,113,0
5605,113,0
5830,106,0
5832,0,0
5833,106,0
5835,113,0
5836,106,0
5837,145,0
5838,113,0
5839,156,1
5840,106,0
5843,0,0
5844,106,0
5845,113,1
5846,150,0
5847,150,0
5848,113,1
5849,154,1
5831,154,0
5850,113,1
5851,106,1
5852,155,1
5853,113,0
5854,0,0
5855,0,0
5817,106,0
5856,113,0
5857,106,0
5858,106,0
5859,106,0
5860,106,0
5861,106,1
5862,106,1
5863,113,0
5864,106,0
5866,113,0
5867,0,0
5868,0,0
5869,113,0
5870,106,0
5871,113,0
5872,113,0
5873,113,0
5874,113,0
5875,113,0
5876,150,0
5877,106,0
5878,0,0
5879,106,0
5880,113,0
5881,113,0
5882,106,0
5883,113,0
5884,106,1
5885,0,0
5886,0,0
5887,113,0
5888,113,1
5891,0,0
5892,0,0
5889,106,0
5893,113,0
5894,0,0
5895,106,0
5896,156,1
5897,0,0
5898,113,0
5900,157,0
5899,106,1
5901,113,0
5890,0,0
5902,113,1
5903,0,0
5904,113,0
5907,155,0
5908,155,0
5906,155,0
5909,155,0
5910,155,0
5911,113,0
5912,113,0
5913,106,0
5914,113,0
5915,106,0
5916,113,0
5917,113,0
5918,113,0
5919,0,0
5920,0,0
5922,113,0
5921,113,0
5923,113,0
5924,0,0
5925,106,0
5926,0,0
5927,0,0
5928,106,0
5929,106,0
5905,106,0
5930,113,0
5931,0,0
5932,0,0
5933,0,0
5934,0,0
5935,157,0
5937,113,0
5938,106,0
5939,0,0
5940,113,0
5941,113,0
5942,157,1
5943,157,0
5944,106,1
5945,113,0
5946,106,0
5947,106,1
5948,0,0
5950,159,0
5951,158,0
5949,158,1
5954,159,1
5955,157,1
5957,113,0
5952,106,0
5958,157,1
5959,158,0
5961,113,0
5962,106,0
5963,106,0
5953,0,0
5964,0,0
5966,113,0
5936,113,0
5967,113,1
5968,106,0
3992,0,0
5965,113,0
5969,106,1
5970,106,0
5971,113,1
5960,113,0
5972,106,0
5973,106,0
5974,106,0
5975,113,0
5976,113,0
5977,113,0
5978,160,1
5979,0,0
5980,0,0
5981,0,0
5982,113,0
5983,113,1
5984,106,0
5985,113,0
5986,113,0
5987,106,0
5988,113,0
5989,113,0
5956,113,0
5990,106,0
5991,113,0
5993,0,0
5994,157,0
5995,0,0
5996,158,0
5992,0,0
5997,0,0
5998,0,0
5999,113,0
6000,161,0
6002,161,1
6003,106,1
6004,0,0
6005,0,0
